{
  "parent": "item/handheld",
  "textures": {
    "layer0": "warhammermod:items/drakegun"
  },
  "display": {
    "thirdperson_righthand": {
      "rotation": [ 60, -90, 55 ],
      "translation": [ 0, 0, 0.5 ],
      "scale": [ 1, 1, 1 ]
    },
    "thirdperson_lefthand": {
      "rotation": [ 60, 90, -55 ],
      "translation": [ 0, 0, 0.5 ],
      "scale": [ 1, 1,1 ]
    },
    "firstperson_righthand": {
      "rotation": [ 60, -90, 25 ],
      "translation": [ 1.13, 3.2, 1.13 ],
      "scale": [ 0.9,0.9,0.9 ]
    },
    "firstperson_lefthand": {
      "rotation": [ 60, 90, -25 ],
      "translation": [ 1.13, 3.2, 1.13 ],
      "scale": [0.9,0.9,0.9 ]
    }
  }
}