{
  "parent": "item/handheld",
  "textures": {
    "layer0": "warhammermod:items/gold_halberd"
  },
  "display": {
    "thirdperson_righthand": {
      "rotation": [ -45, -90, 55 ],
      "translation": [ 0, -1, -6 ],
      "scale": [ 1.1, 1.7, 1.1 ]
    },
    "thirdperson_lefthand": {
      "rotation": [ -45, 90, -55 ],
      "translation": [ 0, -1, -6 ],
      "scale": [ 1.1, 1.7, 1.1 ]
    },
    "firstperson_righthand": {
      "rotation": [ -80, -110, 18 ],
      "translation": [ 0, 2, -2 ],
      "scale": [ 0.85, 0.95, 0.85 ]
    },
    "firstperson_lefthand": {
      "rotation": [ -80, 75, -18 ],
      "translation": [ 0, 2, -2 ],
      "scale": [ 0.85, 0.95, 0.85 ]
    }
  }
}