{
  "parent": "item/handheld",
  "textures": {
    "layer0": "warhammermod:items/musket"
  },
  "display": {
    "thirdperson_righthand": {
      "rotation": [ 10, -90, 55 ],
      "translation": [ 0, 0, 0.5 ],
      "scale": [ 0.85, 0.85, 0.85 ]
    },
    "thirdperson_lefthand": {
      "rotation": [ 10, 90, -55 ],
      "translation": [ 0, 0, 0.5 ],
      "scale": [ 0.85, 0.85, 0.85 ]
    },
    "firstperson_righthand": {
      "rotation": [ -20, -100, 25 ],
      "translation": [ -1, 6, 1 ],
      "scale": [ 0.8, 0.8, 0.8 ]
    },
    "firstperson_lefthand": {
      "rotation": [ -20, 100, -25 ],
      "translation": [ -1, 6, 1 ],
      "scale": [ 0.8, 0.8, 0.8 ]
    }
  },
  "overrides": [
    {
      "predicate": {
        "reloading": 1
      },
      "model": "warhammermod:item/gunsecond/musket_reload"
    },
    {
      "predicate": {
        "reloading": 2
      },
      "model": "warhammermod:item/gunsecond/musket_reload2"
    },
    {
      "predicate": {
        "aimwithshield": 1
      },
      "model": "warhammermod:item/gunsecond/musket_aim"
    }
  ]
}