{
  "parent": "item/handheld",
  "textures": {
    "layer0": "warhammermod:items/flintlock_pistol"
  },
  "display": {
    "thirdperson_righthand": {
      "rotation": [ 60, -90, 55 ],
      "translation": [ 0, 0, 0.5 ],
      "scale": [ 0.85, 0.85, 0.85 ]
    },
    "thirdperson_lefthand": {
      "rotation": [ 60, 90, -55 ],
      "translation": [ 0, 0, 0.5 ],
      "scale": [ 0.85, 0.85, 0.85 ]
    },
    "firstperson_righthand": {
      "rotation": [ 60, -70, 120 ],
      "translation": [ 1.13, 2, 1.13 ],
      "scale": [ 0.68, 0.68, 0.68 ]
    },
    "firstperson_lefthand": {
      "rotation": [ 60, 70, -120 ],
      "translation": [ 1.13, 2, 1.13 ],
      "scale": [ 0.68, 0.68, 0.68 ]
    }
  }
}