{
  "parent": "builtin/entity",

  "display": {
    "thirdperson_righthand": {
      "rotation": [ 90, 0, 0 ],
      "translation": [6, 6, 8],
      "scale": [ 0.85, 0.85, 0.85 ]
    },
    "thirdperson_lefthand": {
      "rotation": [ 90, 0, 0 ],
      "translation": [ -6, 6, 8 ],
      "scale": [ 0.85, 0.85, 0.85 ]
    },
    "firstperson_righthand": {
      "rotation": [ 90, 0, 0 ],
      "translation": [ 8, -15, -4],
      "scale": [ 1.2, 1.2, 1.2 ]
    },
    "firstperson_lefthand": {
      "rotation": [ 90, 0, 0 ],
      "translation": [ -8, -15, -4],
      "scale": [ 1.2, 1.2, 1.2 ]
  }
}
}