{
  "parent": "builtin/entity",
  "display": {
    "thirdperson_righthand": {
      "rotation": [ 0, 0, 0 ],
      "translation": [6, 6, 8],
      "scale": [ 0.85, 0.85, 0.85 ]
    },
    "thirdperson_lefthand": {
      "rotation": [ 0, 0, 0 ],
      "translation": [ -6, 6, 8 ],
      "scale": [ 0.85, 0.85, 0.85 ]
    },
    "firstperson_righthand": {
      "rotation": [ 25, 15, 0 ],
      "translation": [ 12, 6, 0],
      "scale": [ 1.2, 1.2, 1.2 ]
    },
    "firstperson_lefthand": {
      "rotation": [ 25, 15, 0 ],
      "translation": [ -12, 6, 0],
      "scale": [ 1.2, 1.2, 1.2 ]
  }
 }
}