{
  "type": "minecraft:crafting_shapeless",

  "ingredients": [
    {
      "item":"minecraft:glowstone_dust"
    },
    {
      "item":"minecraft:glowstone_dust"
    },
    {
      "item":"minecraft:glowstone_dust"
    },
    {
      "item":"minecraft:glowstone_dust"
    },
    {
      "item":"minecraft:glowstone_dust"
    },
    {
      "item":"minecraft:glowstone_dust"
    },
    {
      "item":"minecraft:glowstone_dust"
    },
    {
      "item":"minecraft:glowstone_dust"
    },
    {
      "item":"minecraft:ender_pearl"
    }
  ],

  "result":
  {
    "item": "warhammermod:warpstone",
    "count": 1
  }
}