{
  "parent": "item/handheld",
  "textures": {
    "layer0": "warhammermod:items/blunderbuss"
  },
  "display": {
    "thirdperson_righthand": {
      "rotation": [ 10, -90, 55 ],
      "translation": [ 0, 1, -1 ],
      "scale": [ 0.85, 0.85, 0.85 ]
    },
    "thirdperson_lefthand": {
      "rotation": [ 10, 90, -55 ],
      "translation": [ 0, 1, -1 ],
      "scale": [ 0.85, 0.85, 0.85 ]
    }
  },
  "overrides": [
    {
      "predicate": {
        "reloading": 1
      },
      "model": "warhammermod:item/gunsecond/blunderbuss"
    },
    {
      "predicate": {
        "reloading": 2
      },
      "model": "warhammermod:item/gunsecond/blunderbuss2"
    },
    {
      "predicate": {
        "aimwithshield": 1
      },
      "model": "warhammermod:item/gunsecond/blunderbuss_aim"
    }
  ]
}