{
  "parent": "item/handheld",
  "textures": {
    "layer0": "warhammermod:items/drakegun"
  },
  "display": {
    "thirdperson_righthand": {
      "rotation": [ 10, -90, 55 ],
      "translation": [ 0, -5, 0.5 ],
      "scale": [1.4,1.4,1.4 ]
    },
    "thirdperson_lefthand": {
      "rotation": [ 10, 90, -55 ],
      "translation": [ 0, -5, 0.5 ],
      "scale": [ 1.4,1.4,1.4 ]
    },
    "firstperson_righthand": {
      "rotation": [ 0, -90, 20 ],
      "translation": [ 1.13, -1.2, 1.13 ],
      "scale": [ 1.2,1.3,1.2 ]
    },
    "firstperson_lefthand": {
      "rotation": [ 0, 90, -20 ],
      "translation": [ 1.13, -1.2, 1.13 ],
      "scale": [ 1.2, 1.3, 1.2 ]
    }
  },
  "overrides": [
    {
      "predicate": {
        "reloading": 1
      },
      "model": "warhammermod:item/gunsecond/drakegun_reload"
    }
  ]
}