{
  "parent": "builtin/entity",
  "display": {
    "thirdperson_righthand": {
      "rotation": [ 0, 0, 0 ],
      "translation": [6, 6, 8],
      "scale": [ 0.85, 0.85, 0.85 ]
    },
    "thirdperson_lefthand": {
      "rotation": [ 0, 0, 0 ],
      "translation": [ -6, 6, 8 ],
      "scale": [ 0.85, 0.85, 0.85 ]
    },
    "firstperson_righthand": {
      "rotation": [ 0, 0, 0 ],
      "translation": [ 8, 4, 0],
      "scale": [ 1.2, 1.2, 1.2 ]
    },
    "firstperson_lefthand": {
      "rotation": [ 0, 0, 0 ],
      "translation": [ -8, 4, 0],
      "scale": [ 1.2, 1.2, 1.2 ]
    },
    "gui": {
      "rotation": [ 70, 43, 0 ],
      "translation": [ 14, -2, 0],
      "scale": [ 0.9, 0.9, 0.9 ]
    },
    "ground": {
      "rotation": [ 0, 0, 0 ],
      "translation": [ 0, 3, 0 ],
      "scale": [ 0.7, 0.7, 0.7 ]
    },
    "fixed": {
      "rotation": [-90, 30, 90],
      "translation": [ 2, 16, -8 ],
      "scale": [ 1, 1, 1 ]
    }
  },
  "overrides": [
    {
      "predicate": {
        "aiming3d": 1
      },
      "model": "warhammermod:item/gunsecond/repeater_aim"
    },
    {
      "predicate": {
        "reloading": 1
      },
      "model": "warhammermod:item/gunsecond/repeater_reload"
    },
    {
      "predicate": {
        "reloading": 2
      },
      "model": "warhammermod:item/gunsecond/repeater_reload2"
    },
    {
      "predicate": {
        "aimwithshield": 1
      },
      "model": "warhammermod:item/gunsecond/repeater_aim"
    }
  ]
}