{
    "parent": "builtin/entity",
    "display": {
        "thirdperson_righthand": {
            "rotation": [ 0, 180,0  ],
            "translation": [ -6, 9, 4.5 ],
            "scale": [ 0.8, 0.8, 0.8 ]
        },
        "thirdperson_lefthand": {
            "rotation": [ 0, 180, 0 ],
            "translation": [ 6, 9, 4.5 ],
            "scale": [ 0.8, 0.8, 0.8 ]
        },
        "firstperson_righthand": {
            "rotation": [ 20, 185, 0 ],
            "translation": [ -7, 15, 0],
            "scale": [ 1, 1, 1 ]
        },
        "firstperson_lefthand": {
            "rotation": [ 20, 185, 0 ],
            "translation": [ 7, 15, 0 ],
            "scale": [ 1.25, 1.25, 1.25 ]
        },
        "gui": {
            "rotation": [-30, 30,0 ],
            "translation": [ 4, 9, 0 ],
            "scale": [ 0.6, 0.6, 0.6 ]
        },
        "fixed": {
            "rotation": [ -85, 50, 85 ],
            "translation": [ -7, 7, -5],
            "scale": [ 0.5, 0.5, 0.5 ]
        },
        "ground": {
            "rotation": [ 0, 0, 0 ],
            "translation": [ 0, 11, 0],
            "scale":[ 0.5, 0.5, 0.5 ]
        }
    }
}






