{
  "parent": "item/handheld",
  "textures": {
    "layer0": "warhammermod:items/stone_halberd"
  },
  "display": {
    "thirdperson_righthand": {
      "rotation": [ 30, -90, 55 ],
      "translation": [ 0, 3.0, 3 ],
      "scale": [ 1.1, 1.6, 1.1 ]
    },
    "thirdperson_lefthand": {
      "rotation": [ 30, 90, -55 ],
      "translation": [ 0, 3.0, 3 ],
      "scale": [ 1.1, 1.6, 1.1 ]
    },
    "firstperson_righthand": {
      "rotation": [ 0, -90, 25 ],
      "translation": [ 1.13, 3.2, 1.13 ],
      "scale": [ 0.85, 0.85, 0.85 ]
    },
    "firstperson_lefthand": {
      "rotation": [ 0, 90, -25 ],
      "translation": [ 1.13, 3.2, 1.13 ],
      "scale": [ 0.85, 0.85, 0.85 ]
    }
  },
  "overrides": [
    {
      "predicate": {
        "powerhit": 1
      },
      "model": "warhammermod:item/gunsecond/stone_halberd"
    }
  ]
}