{
  "parent": "item/handheld",
  "textures": {
    "layer0": "warhammermod:items/thunderer_handgun"
  },
  "display": {
    "thirdperson_righthand": {
      "rotation": [ 10, -90, 55 ],
      "translation": [ 0, 0, 0.5 ],
      "scale": [ 0.85, 0.85, 0.85 ]
    },
    "thirdperson_lefthand": {
      "rotation": [ 10, 90, -55 ],
      "translation": [ 0, 0, 0.5 ],
      "scale": [ 0.85, 0.85, 0.85 ]
    },
    "firstperson_righthand": {
      "rotation": [ 0, -90, 25 ],
      "translation": [ 1.13, 3.2, 1.13 ],
      "scale": [ 0.68, 0.68, 0.68 ]
    },
    "firstperson_lefthand": {
      "rotation": [ 0, 90, -25 ],
      "translation": [ 1.13, 3.2, 1.13 ],
      "scale": [ 0.68, 0.68, 0.68 ]
    }
  },
  "overrides": [
    {
      "predicate": {
        "reloading": 1
      },
      "model": "warhammermod:item/gunsecond/thunderer_handgun_reload"
    },
    {
      "predicate": {
        "reloading": 2
      },
      "model": "warhammermod:item/gunsecond/thunderer_handgun_reload2"
    },
    {
      "predicate": {
        "aimwithshield": 1
      },
      "model": "warhammermod:item/gunsecond/thunderer_aim"
    }
  ]
}